
-- Default configuration values --
insert into `config` (`config_key`, `config_value`) values('storage/s3/prefix', "");
insert into `config` (`config_key`, `config_value`) values('storage/s3/bucket', "");
insert into `config` (`config_key`, `config_value`) values('storage/s3/privatekey', "");
insert into `config` (`config_key`, `config_value`) values('storage/s3/publickey', "");
insert into `config` (`config_key`, `config_value`) values('storage/type', 'fs');
insert into `config` (`config_key`, `config_value`) values('storage/s3/timeout', '');
insert into `config` (`config_key`, `config_value`) values('files/max-file-size','268435456');
insert into `config` (`config_key`, `config_value`) values('files/blocked-extensions','html, htm, exe, vbs, scr, reg, bat, com, htm, html, xhtml');
insert into `config` (`config_key`, `config_value`) values('files/force-text-extensions','htm, html, xhtml, bat, reg, sh');
insert into `config` (`config_key`, `config_value`) values('files/blacklisted-disposition-mimetypes','');
insert into `config` (`config_key`, `config_value`) values('files/whitelisted-disposition-mimetypes','text/plain, text/xml, application/xml, application/pdf, application/msword, application/vnd.ms-excel, application/vnd.ms-powerpoint, application/vnd.openxmlformats-officedocument.wordprocessingml.document, application/vnd.openxmlformats-officedocument.spreadsheetml.sheet, application/vnd.openxmlformats-officedocument.presentationml.presentation, application/vnd.oasis.opendocument.presentation, application/vnd.oasis.opendocument.spreadsheet, application/vnd.oasis.opendocument.text, application/x-shockwave-flash');
insert into `config` (`config_key`, `config_value`) values('files/imagemagick-extensions','bmp, jpg, jpeg, png, gif');
insert into `config` (`config_key`, `config_value`) values('files/imagemagick-max-size','2000000');
insert into `config` (`config_key`, `config_value`) values('ui/banned-words',"");
insert into `config` (`config_key`, `config_value`) values('ui/sitename','MindTouch');
insert into `config` (`config_key`, `config_value`) values('ui/language','en-us');
insert into `config` (`config_key`, `config_value`) values('security/new-account-role','Contributor');
insert into `config` (`config_key`, `config_value`) values('cache/master','request');
insert into `config` (`config_key`, `config_value`) values('security/cookie-expire-secs','604800');
insert into `config` (`config_key`, `config_value`) values('security/allow-anon-account-creation','true');
insert into `config` (`config_key`, `config_value`) values('editor/safe-html','true');
insert into `config` (`config_key`, `config_value`) values('languages',"");
insert into `config` (`config_key`, `config_value`) values('ui/user-dashboards', 'Template:MindTouch/Views/ActivityDashboard, user_page');

-- Default pages --
INSERT INTO `pages` (`page_namespace`, `page_title`, `page_text`, `page_comment`, `page_timestamp`, `page_touched`, `page_toc`, `page_tip`, `page_parent`, `page_restriction_id`, `page_content_type`, `page_display_name`) VALUES 
	(101, '', '{{ wiki.tree("Special:") }}', '', DATE_FORMAT(NOW(), "%Y%m%d%H%i%s"), '', '', 'Special page', 0, 2, 'application/x.deki-text', ''),
	(101, 'Userlogin', '', '', DATE_FORMAT(NOW(), "%Y%m%d%H%i%s"), '', '', 'Special page', 0, 0, 'text/plain', ''),
	(101, 'Userlogout', '', '', DATE_FORMAT(NOW(), "%Y%m%d%H%i%s"), '', '', 'Special page', 0, 0, 'text/plain', ''),
	(101, 'Preferences', '', '', DATE_FORMAT(NOW(), "%Y%m%d%H%i%s"), '', '', 'Special page', 0, 0, 'text/plain', ''),
	(101, 'Watchedpages', '', '', DATE_FORMAT(NOW(), "%Y%m%d%H%i%s"), '', '', 'Special page', 0, 0, 'text/plain', ''),
	(101, 'Recentchanges', '', '', DATE_FORMAT(NOW(), "%Y%m%d%H%i%s"), '', '', 'Special page', 0, 0, 'text/plain', ''),
	(101, 'Listusers', '', '', DATE_FORMAT(NOW(), "%Y%m%d%H%i%s"), '', '', 'Special page', 0, 0, 'text/plain', ''),
	(101, 'ListTemplates', '', '', DATE_FORMAT(NOW(), "%Y%m%d%H%i%s"), '', '', 'Special page', 0, 0, 'text/plain', ''),
	(101, 'ListRss', '', '', DATE_FORMAT(NOW(), "%Y%m%d%H%i%s"), '', '', 'Special page', 0, 0, 'text/plain', ''),
	(101, 'Search', '', '', DATE_FORMAT(NOW(), "%Y%m%d%H%i%s"), '', '', 'Special page', 0, 0, 'text/plain', ''),
	(101, 'Sitemap', '', '', DATE_FORMAT(NOW(), "%Y%m%d%H%i%s"), '', '', 'Special page', 0, 0, 'text/plain', ''),
	(101, 'Contributions', '', '', DATE_FORMAT(NOW(), "%Y%m%d%H%i%s"), '', '', 'Special page', 0, 0, 'text/plain', ''),
	(101, 'Undelete', '', '', DATE_FORMAT(NOW(), "%Y%m%d%H%i%s"), '', '', 'Special page', 0, 0, 'text/plain', ''),
	(101, 'Popularpages', '', '', DATE_FORMAT(NOW(), "%Y%m%d%H%i%s"), '', '', 'Special page', 0, 0, 'text/plain', ''),
	(101, 'Watchlist', '', '', DATE_FORMAT(NOW(), "%Y%m%d%H%i%s"), '', '', 'Special page', 0, 0, 'text/plain', ''),
	(101, 'About', '', '', DATE_FORMAT(NOW(), "%Y%m%d%H%i%s"), '', '', 'Special page', 0, 0, 'text/plain', ''),
	(101, 'Statistics', '', '', DATE_FORMAT(NOW(), "%Y%m%d%H%i%s"), '', '', 'Special page', 0, 0, 'text/plain', ''),
	(101, 'Tags', '', '', DATE_FORMAT(NOW(), "%Y%m%d%H%i%s"), '', '', 'Special page', 0, 0, 'text/plain', ''),
	(101, 'Events', '', '', DATE_FORMAT(NOW(), "%Y%m%d%H%i%s"), '', '', 'Special page', 0, 0, 'text/plain', ''),
	(2, '', 'User page', '', DATE_FORMAT(NOW(), "%Y%m%d%H%i%s"), '', '', 'Admin page', 0, 0, 'text/plain', ''),
	(10, '', '', '', DATE_FORMAT(NOW(), "%Y%m%d%H%i%s"), '', '', 'Template page', 0, 0, 'text/plain', '');


-- OOBE --
INSERT INTO `pages` (`page_namespace`, `page_title`, `page_text`, `page_comment`, `page_user_id`, `page_timestamp`, `page_counter`, `page_is_redirect`, `page_minor_edit`, `page_is_new`, `page_touched`, `page_usecache`, `page_toc`, `page_tip`, `page_parent`, `page_restriction_id`, `page_content_type`, `page_language`, `page_display_name`, `page_template_id`, `page_is_hidden`, `page_meta`, `page_revision`, `page_etag`) VALUES
(0, '', CONCAT(
'<link href="/skins/common/2010/2010.css" media="screen" rel="stylesheet" type="text/css" />\r\n<div id="is-1">\r\n	<div id="is-2">MindTouch 2010</div>\r\n	<div id="is-3">The "Killer App" For Strategic Documentation.</div>\r\n</div>\r\n<div id="is-4">\r\n	<p><span style="font-size:14px;"><strong>Is your installation complete?</strong></span></p>\r\n	<p>Check out our MindTouch 2010 setup and configuration guide, where you\'ll find help on:&nbsp;</p>\r\n	<ul>\r\n		<li><strong>User Authentication</strong> (LDAP, Single sign-on, SMTP setup)</li>\r\n		<li><strong>Advanced Configuration</strong> (Apache/IIS Setup, SSL configuration, performance tuning, API configuration)</li>\r\n		<li><strong>Site Customization</strong> (Localization, theming)</li>\r\n		<li><strong>And more!</strong></li>\r\n	</ul>\r\n',
'<p style="text-align: center;"><a class="external" href="http://developer.mindtouch.com/en/docs/MindTouch/User_Manual" id="is-5" target="_blank">MindTouch 2010 Setup Guide</a></p>\r\n	<p style="text-align: center;"><span style="font-size:11px;">But wait, there\'s more! Go ahead and join our <a class="external" href="http://developer.mindtouch.com" target="_blank" title="http://developer.mindtouch.com">developer community</a> to get help from other MindTouch developers and users.&nbsp;</span></p>\r\n</div>\r\n<p>MindTouch 2010 is an exciting new tool for technical documentation teams. We think you will love it. Before you start, here are a few things you should know.</p>\r\n<p>The power of MindTouch 2010 is in the ADC\'s where collaborators can <strong>author</strong>, <strong>discover</strong>, and <strong>curate</strong> smart content.</p>\r\n',
'<p><img alt="lifecycle.png" class="internal default" src="/skins/common/2010/lifecycle.png" /></p>\r\n<p><img alt="lightbulb.png" class="internal default" id="is-6" src="/skins/common/2010/lightbulb.png" />First things first, we want you to learn the basics and then you can sign up for&nbsp;<a class="external" href="http://www.mindtouch.com/showme" target="_blank" title="http://www.mindtouch.com/showme">our weekly webinars</a>&nbsp;where you\'ll learn more.&nbsp;</p>\r\n<div id="is-7">\r\n	<h3 id="is-8">Getting started</h3>\r\n	<p><strong>Let\'s walk you through a brief overview of the functionality in MindTouch 2010. In this walk-through we\'ll be editing a sample user guide for a fictional product we\'re calling "The Acme Jetpack."</strong></p>\r\n</div>\r\n<h3>Authoring</h3>\r\n<p><em>MindTouch 2010 helps you create technical content easily in two important ways. Here\'s how...</em></p>\r\n<ol>\r\n',
'<li>First, by using our <u>templating system</u> you’ll be creating content that is dynamically connected to each other. Templates are your friend.&nbsp;</li>\r\n	<li>Second, the page editing system itself is extremely easy to use. Creating pages, editing and sharing them with colleagues has never been easier.&nbsp;</li>\r\n</ol>\r\n<h4>The Intelligent Documentation Framework</h4>\r\n<p>Included with MindTouch 2010 is the <strong>Intelligent Documentation Framework</strong>&nbsp;(IDF), which provides both authoring and discovery tools - for now, we\'ll use the content templates to author content.</p>\r\n<p>Let\'s start authoring by creating your first page in our sample Acme Jetpack user guide: a new page on "Acceleration" in the <a href="/Acme_Jetpack_User_Guide/003_-_Propulsion" target="_blank" title="Acme_Jetpack_User_Guide/003_-_Propulsion"><span style="font-weight: bold;">Propulsion</span></a> topic.</p>\r\n',
'<p><img alt="propulsion-mindtouch-getstarted.png" class="internal default" src="/skins/common/2010/propulsion-mindtouch-getstarted.png" /></p>\r\n<p>Click "New Page" once you\'re on the Propulsion page to launch the <strong>page gallery</strong> - MindTouch 2010 provides a list of common documentation templates that aid in the Authoring process. Select "Feature Page" and then create your page.</p>\r\n<p><img alt="select_a_template.png" class="internal default" src="/skins/common/2010/select_a_template.png" /></p>\r\n<p>Notice the page automatically fills in a suggested structure for your content in the <strong>standards-compliant WYSIWYG editor</strong>. Add your content and hit "Save" - congratulations, you\'ve created your first page!</p>\r\n<p><img alt="author-content.png" class="internal default" src="/skins/common/2010/author-content.png" /></p>\r\n<h4>More Power to You</h4>\r\n',
'<p>MindTouch 2010 includes <span style="font-weight: bold;">community scoring </span>- rating pages from users helps both discovery and curation. Giving a positive (i.e. "thumbs up") review of a page boosts its ranking in search results for appropriate terms. For this example, you will rate a page negatively (i.e. "thumbs down") instead. Try giving your new page a negative rating - you\'ll be prompted to offer feedback on improving the page, which will be displayed as a comment for editors. This gives you insight into how your content is perceived by your community.&nbsp;</p>\r\n<p><img alt="rating.png" class="internal default" src="/skins/common/2010/rating.png" /></p>\r\n<h3>Discovery</h3>\r\n<p><em>Next in MindTouch 2010 is discovery. MindTouch 2010 helps pages take on a life of their own. Here’s how...</em></p>\r\n<ol>\r\n	<li>\r\n',
'<p>When you create content using templates, MindTouch 2010’s Intelligent Document Framework&nbsp;(IDF) recognizes what content belongs where and dynamically organizes it for you in a way that allows your end users to easily find it.</p>\r\n	</li>\r\n	<li>\r\n		<p>By using templates you’re adhering to a methodology designed to make content easier for your customers to find and understand.</p>\r\n	</li>\r\n</ol>\r\n<h4>Dynamic Content</h4>\r\n<p>Let\'s go back to the <a href="/Acme_Jetpack_User_Guide" target="_blank" title="Acme_Jetpack_User_Guide">Acme Jetpack Guide</a> - you\'ll see that the guide has automatically updated the table of contents with the new page you added - that\'s IDF at work! With IDF at hand, your authors only need to worry about writing and classifying content - MindTouch will self-organize the content to make it highly discoverable. You can also utilize page tags to have IDF organize tutorials, reference guides, and troubleshooting guides.</p>\r\n',
'<p><img alt="acme-jetpack-user-guide1.png" class="internal default" src="/skins/common/2010/acme-jetpack-user-guide1.png" /></p>\r\n<h4>Adaptive Search</h4>\r\n<p><em>Search is also vastly improved. MindTouch 2010 indexes content smartly. Here\'s how...</em></p>\r\n<ol>\r\n	<li>By learning how people consume, rate and share content, MindTouch 2010 actually learns what content is relevant and what content isn’t.&nbsp;</li>\r\n	<li>Therefore, search results present the most relevant content in the most relevant places.&nbsp;</li>\r\n</ol>\r\n',
'<p>For users who are more comfortable with searching, MindTouch 2010 offers <strong>adaptive search</strong> - a new search algorithm which learns from your community\'s interaction with your content and builds collective intelligence. Community activities like rating pages and interacting with search results factor into search relevance. For example, with adaptive search, users can <a href="/Special:Search?search=jetpack&amp;ns=subpages&amp;path=Acme_Jetpack_User_Guide" target="_blank" title="View search results by hierarchy">filter results to hierarchies</a> and <a href="/Special:Search?search=jetpack&amp;ns=subpages&amp;sort=-modified" target="_blank" title="View search results sorted by date">sort by modified date</a> or title.</p>\r\n',
'<p><img alt="search-modified-date.png" class="internal default" src="/skins/common/2010/search-modified-date.png" /></p>\r\n<p>Adaptive search also feeds into curation - to see it in action, first <a href="/Special:Search?search=jetpack&amp;ns=main&amp;path=" target="_blank" title="View search results for \'jetpack\'">search for "jetpack"</a> and click through any of the pages. Next, we\'ll show you how you can learn from that interaction with curation analytics.</p>\r\n<p>For content that needs improvement, we created curation analytics.</p>\r\n<h3>Curation Analytics</h3>\r\n<p><em>MindTouch 2010 helps you curate content for the needs of&nbsp;your audience. Here’s how…</em></p>\r\n',
'<ol>\r\n	<li>Since the community can provide you with feedback, MindTouch 2010 packages that feedback into community scoring reports.&nbsp;</li>\r\n	<li>Furthermore, MindTouch 2010 has search reports that show you what people are searching for and what content they are finding as a result. In other words, we help you understand what their needs are even if they’re not telling you directly.</li>\r\n',
'<li>And finally, MindTouch 2010 aging reports help you stay relevant by showing where you can spend time getting old content up to date.</li>\r\n</ol>\r\n<p> </p>\r\n',
'<div id="is-9">\r\n	<h4 id="is-13">A Note About MindTouch 2010 Trial</h4>\r\n	<p>The trial version of MindTouch 2010 does not include curation analytics. Instead, we recommend you start by authoring content and getting to know our Intelligent Documentation Framework. The reason for that is simple: curation analytics solves the problem that you encounter when your content and community have grown too big to&nbsp;manage "manually." Let\'s first work on building an audience and bucket loads of content.</p>\r\n	<p><img alt="lightbulb.png" class="internal default" id="is-14" src="/skins/common/2010/lightbulb.png" />Still want to see it in action? <a class="external" href="http://www.mindtouch.com/showme" target="_blank" title="http://www.mindtouch.com/showme">Join us for our weekly webinars</a>&nbsp;and request an upgrade.&nbsp;</p>\r\n</div>\r\n<p>What follows are some screenshots and descriptions of the features you\'ll find when you turn on curation analytics.</p>\r\n',
'<p><h4 id="is-10">Community Scoring Report</h4></p>\r\n<p><img alt="community-scoring-report.png" class="internal default" src="/skins/common/2010/community-scoring-report.png" /></p>\r\n',
'<p>When you dive into the community scoring report - it identifies which content needs most attention in the eyes of the community. MindTouch 2010 charting displays a visual distribution of&nbsp;your content as well as a table of metrics to measure&nbsp;the quality of&nbsp;your content. As the site continues to expand, low-scoring content will be pushed to the attention of&nbsp;your site curators. In addition, curation analytics allows you to filter your strategic content to focus on specific areas of interest.&nbsp;If you prefer to crunch your numbers in a separate program, note that all data from these reports can be downloaded as a CSV.&nbsp;</p>\r\n<h4>Content Aging Report</h4>\r\n<p><img alt="aging-report.png" class="internal default" src="/skins/common/2010/aging-report.png" /></p>\r\n<p>The content aging report analyzes your content by time of last edit. As your site ages, this report highlights pages that haven\'t been updated in a long time.</p>\r\n',
'<p>As with community scoring, curation analytics allows you to filter your strategic content to focus on specific areas of interest. Filter your reports by <em>topic</em> or <em>hierarchy</em> - the insights provided are endless.</p>\r\n',
'<h4>Search Reporting</h4>\r\n<p><img alt="search-report.png" class="internal default" src="/skins/common/2010/search-report.png" /></p>\r\n<p>Search provides insight into what your users want. Tap into that insight to ensure you have coverage for the topics that your community expects of you. Execute reports on the most common search terms and queries with s<em>earch analytics</em>, and learn from the results what people are clicking through. As more searches are made, you\'ll see the search term cloud fill in. These are the terms that people are looking for - do you have the strategic content to cover these needs? You\'ll not only know the answer to that question, but you can make sure they find the right page.</p>\r\n',
'<div id="is-11">\r\n	<h3 id="is-12">Your Next Step</h3>\r\n	<p>We hope this short walkthrough gave you insight into why MindTouch 2010 is the killer app for strategic documentation. We\'re passionate about helping you unleash your inner genius, and this is only the beginning: you should sign-up for <a class="external" href="http://www.mindtouch.com/showme" target="_blank" title="http://www.mindtouch.com/showme">our weekly webinars</a> to learn more.</p>\r\n',
'<p><a class="external" href="http://www.mindtouch.com/showme" target="_blank" title="http://www.mindtouch.com/showme"><img alt="webinar-signup-button.png" class="internal default" src="/skins/common/2010/webinar-signup-button.png" /></a></p>\r\n</div>\r\n'
), '', 1, DATE_FORMAT(NOW(), "%Y%m%d%H%i%s"), 0, 0, 0, 0, '0', 1, '', '', 0, 0, 'application/x.deki-text', '', '', NULL, 0, NULL, 1, '');

INSERT INTO `pages` (`page_namespace`, `page_title`, `page_text`, `page_comment`, `page_user_id`, `page_timestamp`, `page_counter`, `page_is_redirect`, `page_minor_edit`, `page_is_new`, `page_touched`, `page_usecache`, `page_toc`, `page_tip`, `page_parent`, `page_restriction_id`, `page_content_type`, `page_language`, `page_display_name`, `page_template_id`, `page_is_hidden`, `page_meta`, `page_revision`, `page_etag`) VALUES(0, 'Acme_Jetpack_User_Guide', '<p class="comment">Keep the text in the area below as it is used for automatic content collection. This page is the starting point for a user guide for software or hardware. You can refer to the <a class="external" href="http://ckb.mindtouch.com/User_Guide_-_MindTouch_Collaborative_Knowledge_Base" title="MindTouch for Technical Documentation">getting started guide for the technical communication templates</a> if you want help getting started authoring collaboratively.</p>\n<table> <tbody> <tr> <td function="template(''MindTouch/IDF/Views/Guide'', [ $ ])" id="guide-description">This guide provides an overview of product features and related technologies. In addition, it contains recommendations on best practices, tutorials for getting started, and troubleshooting information for common situations.</td> </tr> </tbody>\n</table>', '', 1, DATE_FORMAT(NOW(), "%Y%m%d%H%i%s"), 0, 0, 0, 1, DATE_FORMAT(NOW(), "%Y%m%d%H%i%s"), 1, '', '<p class="comment">Keep the text in the area below as it is used for automatic content collection. This page is the starting point for a user guide for software or hardware. You can refer to the <a class="external" href="http://ckb.mindtouch.com/User_Guide_-_MindTouch_Collaborative_Knowledge_Base" title="MindTouch for Technical Documentation">getting started guide for the technical communication templates</a> if you want help getting started authoring collaboratively.</p>\n<table> <tbody> <tr>...', 0, 0, 'application/x.deki0805+xml', '', 'Acme Jetpack User Guide', NULL, 0, NULL, 1, '4a7304bacdd6dede68d7391027e6087b');
INSERT INTO `pages` (`page_namespace`, `page_title`, `page_text`, `page_comment`, `page_user_id`, `page_timestamp`, `page_counter`, `page_is_redirect`, `page_minor_edit`, `page_is_new`, `page_touched`, `page_usecache`, `page_toc`, `page_tip`, `page_parent`, `page_restriction_id`, `page_content_type`, `page_language`, `page_display_name`, `page_template_id`, `page_is_hidden`, `page_meta`, `page_revision`, `page_etag`) VALUES(0, 'Acme_Jetpack_User_Guide/001-_Introduction', '<h2>Overview</h2>\n<p>Trendier than a hot air balloon and sturdier than the wings of Icarus, the Acme Jetpack expands the possibility of one-person flight to the average civilian. The jetpack runs on the same gasoline as a car to provide safe, high-speed, recreational air transportation.  Weighing 245 pounds, the pack has a maximum thrust capacity of 500 pounds and reaches a maximum hovering level 7,500 feet.</p><h2>Related</h2>\n<pre class="script">template(&quot;MindTouch/IDF/SeeAlso&quot;)</pre>\n', '', 1, DATE_FORMAT(NOW(), "%Y%m%d%H%i%s"), 0, 0, 1, 0, DATE_FORMAT(NOW(), "%Y%m%d%H%i%s"), 1, '', '', 23, 0, 'application/x.deki0805+xml', '', 'Introduction', NULL, 0, NULL, 1, '7fd195ea02686b7dbcb64e3011a34b77');
INSERT INTO `pages` (`page_namespace`, `page_title`, `page_text`, `page_comment`, `page_user_id`, `page_timestamp`, `page_counter`, `page_is_redirect`, `page_minor_edit`, `page_is_new`, `page_touched`, `page_usecache`, `page_toc`, `page_tip`, `page_parent`, `page_restriction_id`, `page_content_type`, `page_language`, `page_display_name`, `page_template_id`, `page_is_hidden`, `page_meta`, `page_revision`, `page_etag`) VALUES(0, 'Acme_Jetpack_User_Guide/002_-_Ignition', '<h2>Overview</h2>\n<p>Perhaps you''ve seen one of those unfortunate velovids of the IgnikTricks from the ''40''s or the Siemens X-80''s from the early ''50''s -- the explosions, the fires, the plasma burns, the dour nurses in the burn units, the hyperbaric chambers shaped like Mickey Mouse, the robodocs and their silvery cutting tools, the years of litigation, old Mr. Trick sitting on that pile of antique George Washingtons, his old man voice warbling: &quot;You''ll never take what''s mine!&quot;</p>\n<h2>Feature</h2>\n<p class="comment">Use the section below to describe in detail the product feature. Additional paragraphs can describe what you do with the feature, what it cannot do (within reason), in what situations you would use it, and why it is important. A diagram can show relationships and connections better than text, so you may want to include pictorial conceptual info as well. Examples may illustrate a concept also. Notes or tips about a feature can be useful, such as a tip for a user who is accustomed to another, similar product, or an older version of a feature.</p>\n<p>Ladies and gents, those days are over. The Acme company has developed the top of the line Acme BSR-5900 ignition system to go along with its patented liquid nitrogen Acme TRUBLU propulsion system. Between them, the BSR-5900 and TRUBLU systems feature nineteen safety failsafes, including the Acme CROWDEDTHEATER fire control system and the Acme CRAZYANNIE ejection-and-parachute system (which comes packaged, for your convenience, with a Panasonic mobile entertainment station and a Larry''s (TM) auto-dispensing wet bar, to ease the passage home.)</p>\n<p>So cancel your life insurance policy. Get off the government dole and take the private option. Lie to your friends and tell them you''re living on the edge. But tell your mother the truth: You''re as clear as a bioport window in the Herman-Holland quadrant of the moon, because your ignition is failsafe, and failsafe means you''re safe if it fails.</p>\n<h3>Benefits</h3>\n<p>The Acme BSR-5900 Ignition system is environmentally friendly option to light solid and liquid jet propulsion. What''s more, the ignition system is integrated with the drive train and propulsion systems thus acting in tandem with other on-board controllers to optimize the speed, operation and safety of the Jetpack. </p>\n<h3>Usage</h3>\n<p>Use this feature to, activate the propulsion system by pressing the blue start button on your Acme BSR-5900 arm-mounted control plate. It is located to the left of the navigation screen, displaying &quot;start&quot; and pulsating between blue, green and red in short intervals when then Jetpack is not running. When the Jetpack is currently active, the start button will glow white, it will display &quot;stop&quot; instead of &quot;start.&quot; Pressing the ignition switch will begin deceleration and activate the landing sequence readying the passenger for a smooth transition to terrestrial touch-down. Rapidly depressing the ignition switch will activate emergency sequence and further instructions will be displayed on the operator''s arm-mounted control plate.</p><h2>Related</h2>\n<pre class="script">template(&quot;MindTouch/IDF/SeeAlso&quot;)</pre>\n', '', 1, DATE_FORMAT(NOW(), "%Y%m%d%H%i%s"), 0, 0, 1, 0, DATE_FORMAT(NOW(), "%Y%m%d%H%i%s"), 1, '', '<h2>Overview</h2>\n<p>Perhaps you''ve seen one of those unfortunate velovids of the IgnikTricks from the ''40''s or the Siemens X-80''s from the early ''50''s -- the explosions, the fires, the plasma burns, the dour nurses in the burn units, the hyperbaric chambers shaped like Mickey Mouse, the robodocs and their silvery cutting tools, the years of litigation, old Mr. Trick sitting on that pile of antique George Washingtons, his old man voice warbling: &quot;You''ll never take what''s mine!&quot;</p>\n...', 23, 0, 'application/x.deki0805+xml', '', 'Ignition', NULL, 0, NULL, 1, '66daa06377b8bcda89b68ac6be606dd3');
INSERT INTO `pages` (`page_namespace`, `page_title`, `page_text`, `page_comment`, `page_user_id`, `page_timestamp`, `page_counter`, `page_is_redirect`, `page_minor_edit`, `page_is_new`, `page_touched`, `page_usecache`, `page_toc`, `page_tip`, `page_parent`, `page_restriction_id`, `page_content_type`, `page_language`, `page_display_name`, `page_template_id`, `page_is_hidden`, `page_meta`, `page_revision`, `page_etag`) VALUES(0, 'Acme_Jetpack_User_Guide/002_-_Ignition/Acme_Ignition_Coils', '<h2>Overview</h2>\n<p class="comment">Use the section below to provide a short description of the technology. This section is used by other pages to provide an abstract of this page.</p>\n<p>Provides technical overview and know-how of a technology related to the product or a particular feature.</p>\n<h2>Technology</h2>\n<p class="comment">Use the section below to introduce the technology in relation to the product and describe its benefits.</p>\n<p>When you apply this technology, ...</p>\n<h3>Vendors</h3>\n<p>Some basic providers of this technology include ...</p>\n<h3>Background and History</h3>\n<p>The origins of this technology started as ...</p>\n<p>Some of the basic principles you should define and understand when applying this technology are...</p>\n<h2>Related</h2>\n<p class="comment">This section automatically lists related pages, such as child pages or pages related by tags. Remove this section if you do not want to show related pages.</p>\n<pre class="script">template(&quot;MindTouch/IDF/SeeAlso&quot;)</pre>\n<p> </p>\n', '', 1, DATE_FORMAT(NOW(), "%Y%m%d%H%i%s"), 0, 0, 0, 1, DATE_FORMAT(NOW(), "%Y%m%d%H%i%s"), 1, '', '<h2>Overview</h2>\n<p class="comment">Use the section below to provide a short description of the technology. This section is used by other pages to provide an abstract of this page.</p>\n<p>Provides technical overview and know-how of a technology related to the product or a particular feature.</p>\n<h2>Technology</h2>\n<p class="comment">Use the section below to introduce the technology in relation to the product and describe its benefits.</p>\n<p>When you apply this technology, ...</p>\n<h3>Vendo...', 25, 0, 'application/x.deki0805+xml', '', 'Acme Ignition Coils', NULL, 0, NULL, 1, '02363cdb9315e50ed28c9e7129734dd5');
INSERT INTO `pages` (`page_namespace`, `page_title`, `page_text`, `page_comment`, `page_user_id`, `page_timestamp`, `page_counter`, `page_is_redirect`, `page_minor_edit`, `page_is_new`, `page_touched`, `page_usecache`, `page_toc`, `page_tip`, `page_parent`, `page_restriction_id`, `page_content_type`, `page_language`, `page_display_name`, `page_template_id`, `page_is_hidden`, `page_meta`, `page_revision`, `page_etag`) VALUES(0, 'Acme_Jetpack_User_Guide/002_-_Ignition/Starting_your_jetpack', '<h2>Overview</h2>\n<p class="comment">Use the section below to provide a short description of the tutorial. The section is also used by other pages to provide an abstract of this page. The lead sentence should tell the reader enough about the tutorial to help them decide whether to read on or not.</p>\n<p>Explains how to complete a self-paced learning exercise using a feature in the product.</p>\n<h2>Goal</h2>\n<p class="comment">Use the section below to describe the goal of the tutorial. You might want to offer prerequisites that must be met before the user begins the task, such as previous tutorials, configuration or product setting requirements.</p>\n<p>After completing this tutorial you will have ...</p>\n<p>Steps</p>\n<p class="comment">Use each step section to describe the instructions needed to achieve the goal.</p>\n<h3>First Step</h3>\n<p>Begin by ...</p>\n<h3>Second Step</h3>\n<p>Then continue with ...</p>\n<h2>What''s Next</h2>\n<p class="comment">Use the section below to describe additional considerations that were omitted for brevity and to guide the reader to further tutorials.</p>\n<p>This is what was achieved and what was omitted in this tutorial.</p>\n<h2>Related</h2>\n<p class="comment">This section automatically lists related pages, such as child pages or pages related by tags.  Remove this section if you do not want to show related pages.</p>\n<pre class="script">template(&quot;MindTouch/IDF/SeeAlso&quot;)</pre>\n<p> </p>\n', '', 1, DATE_FORMAT(NOW(), "%Y%m%d%H%i%s"), 0, 0, 0, 1, DATE_FORMAT(NOW(), "%Y%m%d%H%i%s"), 1, '', '<h2>Overview</h2>\n<p class="comment">Use the section below to provide a short description of the tutorial. The section is also used by other pages to provide an abstract of this page. The lead sentence should tell the reader enough about the tutorial to help them decide whether to read on or not.</p>\n<p>Explains how to complete a self-paced learning exercise using a feature in the product.</p>\n<h2>Goal</h2>\n<p class="comment">Use the section below to describe the goal of the tutorial. You mig...', 25, 0, 'application/x.deki0805+xml', '', 'Starting your jetpack', NULL, 0, NULL, 1, '76a6c997c0964e288665b790dc1d8e3d');
INSERT INTO `pages` (`page_namespace`, `page_title`, `page_text`, `page_comment`, `page_user_id`, `page_timestamp`, `page_counter`, `page_is_redirect`, `page_minor_edit`, `page_is_new`, `page_touched`, `page_usecache`, `page_toc`, `page_tip`, `page_parent`, `page_restriction_id`, `page_content_type`, `page_language`, `page_display_name`, `page_template_id`, `page_is_hidden`, `page_meta`, `page_revision`, `page_etag`) VALUES(0, 'Acme_Jetpack_User_Guide/003_-_Propulsion', '<h2>Overview</h2>\n<p class="comment">You feel the heat on your legs, and the Acme Jetpack vaults you into the air.  But what keeps you off the ground after that first ignition blast?  The propulsion system.  What goes up, must come down, but the propulsion system ensures that you 20 minutes of controlled, stable flight before you have to return.</p>\n<p class="comment">The energy for the propulsion system comes from the ignition system.  Jetpack engines are reaction action that operate on the Newtonian principle that for every action there is an equal and opposite reaction.  We see this scientific precept everyday.  I borrow my sister''s earrings without permission, she chases me into a closet with a broom (okay, maybe those actions aren''t exactly equal and opposite, but depending on who you ask, my sister''s response was totally proportionate to the offense).  </p>\n<p class="comment">When the Jetpack ignites, gas and heat are expelled in one direction and energy and the Jetpack is propelled up.  Then, a magical scientific process occurs.  Awatef Hamed explains it best in <a class="external" href="http://www.scientificamerican.com/article.cfm?id=can-you-explain-how-jet-p" title="http://www.scientificamerican.com/article.cfm?id=can-you-explain-how-jet-p"><u>Scientific American</u></a>: after ignition, &quot;a chemical reaction produces heat and gases, which escape from the rocket [or Jetpack in this case] and casue it to move forward.  The oxygen necessary for combustion is carried (in tanks or in a combined form) in the rocket itself, [...] heat is relased by combustion, [and] the hot gases are accelerated through the engine so that the exit velocity is greater than the airstream velocity at the entrance.&quot;  The Acme Jetpack also includes gyro stablizers to help you control the thrust produced by the propulsion system.  </p>\n<p class="comment">Still can''t picture it?  Check out the technical diagram below:</p>\n<p class="comment"> <a class="external" href="http://i.walmartimages.com/i/p/00/65/35/69/22/0065356922887_215X215.jpg"><img alt="" class="default" src="http://i.walmartimages.com/i/p/00/65/35/69/22/0065356922887_215X215.jpg" /></a></p>\n<p class="comment">Buzz says, &quot;Check out these great stabilizers coming out of my Jetpack!&quot;</p>\n<p class="comment"><a class="external" href="http://farm4.static.flickr.com/3542/3621896900_1ae8bf6ec2.jpg"><img alt="" class="default" src="http://farm4.static.flickr.com/3542/3621896900_1ae8bf6ec2.jpg" style="width: 500px; height: 375px;" /></a></p>\n<p class="comment">Look at Buzz''s back, and you can see the Jetpack canisters housing the rest of propulsion system.</p><h2>Feature</h2>\n<p class="comment">There are two main features of the propulsion system:  the stabilizers and the fan system.  The fan power is activated by the fuel dispersion system. </p>\n<p><strong>Jetpack Stabilizer:  </strong>A SK 360 Gyro unit uses gyrostabilizers to apply counterthrust for maneuvering and landing the Jetpack.  These stabilizers make sure the burst of energy doesn''t overwhelm you to the point that it can''t be controlled.</p>\n<p><strong>Jetpack Ducted Fans:</strong>  The Jetpack contains two 36 inch, four-bladed fans that are enclosed in titanium-plated double canisters.  The fans help keep you in the air. </p>\n<h3>What are the benefits of this feature?</h3>\n<p>When you use both features of the propulsion system, you happily cruise along on your flight.</p>\n<h3>When to use this feature?</h3>\n<p>Please use all features of the propulsion system while flying.</p><h2>Related</h2>\n<pre class="script">template(&quot;MindTouch/IDF/SeeAlso&quot;)</pre>\n', '', 1, DATE_FORMAT(NOW(), "%Y%m%d%H%i%s"), 0, 0, 1, 0, DATE_FORMAT(NOW(), "%Y%m%d%H%i%s"), 1, '', '<h2>Overview</h2>\n<p class="comment">You feel the heat on your legs, and the Acme Jetpack vaults you into the air.  But what keeps you off the ground after that first ignition blast?  The propulsion system.  What goes up, must come down, but the propulsion system ensures that you 20 minutes of controlled, stable flight before you have to return.</p>\n<p class="comment">The energy for the propulsion system comes from the ignition system.  Jetpack engines are reaction action that operate on the ...', 23, 0, 'application/x.deki0805+xml', '', 'Propulsion', NULL, 0, NULL, 1, '087e02d0c79cefa0e773a8ebc213b9f6');
INSERT INTO `pages` (`page_namespace`, `page_title`, `page_text`, `page_comment`, `page_user_id`, `page_timestamp`, `page_counter`, `page_is_redirect`, `page_minor_edit`, `page_is_new`, `page_touched`, `page_usecache`, `page_toc`, `page_tip`, `page_parent`, `page_restriction_id`, `page_content_type`, `page_language`, `page_display_name`, `page_template_id`, `page_is_hidden`, `page_meta`, `page_revision`, `page_etag`) VALUES(0, 'Acme_Jetpack_User_Guide/003_-_Propulsion/How_to_land', '<h2>Overview</h2>\n<p class="comment">Use the section below to provide a short description of the tutorial. The section is also used by other pages to provide an abstract of this page. The lead sentence should tell the reader enough about the tutorial to help them decide whether to read on or not.</p>\n<p>Explains how to complete a self-paced learning exercise using a feature in the product.</p>\n<h2>Goal</h2>\n<p class="comment">Use the section below to describe the goal of the tutorial. You might want to offer prerequisites that must be met before the user begins the task, such as previous tutorials, configuration or product setting requirements.</p>\n<p>After completing this tutorial you will have ...</p>\n<p>Steps</p>\n<p class="comment">Use each step section to describe the instructions needed to achieve the goal.</p>\n<h3>First Step</h3>\n<p>Begin by ...</p>\n<h3>Second Step</h3>\n<p>Then continue with ...</p>\n<h2>What''s Next</h2>\n<p class="comment">Use the section below to describe additional considerations that were omitted for brevity and to guide the reader to further tutorials.</p>\n<p>This is what was achieved and what was omitted in this tutorial.</p>\n<h2>Related</h2>\n<p class="comment">This section automatically lists related pages, such as child pages or pages related by tags.  Remove this section if you do not want to show related pages.</p>\n<pre class="script">template(&quot;MindTouch/IDF/SeeAlso&quot;)</pre>\n<br /> ', '', 1, DATE_FORMAT(NOW(), "%Y%m%d%H%i%s"), 0, 0, 0, 1, DATE_FORMAT(NOW(), "%Y%m%d%H%i%s"), 1, '', '<h2>Overview</h2>\n<p class="comment">Use the section below to provide a short description of the tutorial. The section is also used by other pages to provide an abstract of this page. The lead sentence should tell the reader enough about the tutorial to help them decide whether to read on or not.</p>\n<p>Explains how to complete a self-paced learning exercise using a feature in the product.</p>\n<h2>Goal</h2>\n<p class="comment">Use the section below to describe the goal of the tutorial. You mig...', 28, 0, 'application/x.deki0805+xml', '', 'How to land', NULL, 0, NULL, 1, 'a03cc248340347d6facc9632568f9ea7');
INSERT INTO `pages` (`page_namespace`, `page_title`, `page_text`, `page_comment`, `page_user_id`, `page_timestamp`, `page_counter`, `page_is_redirect`, `page_minor_edit`, `page_is_new`, `page_touched`, `page_usecache`, `page_toc`, `page_tip`, `page_parent`, `page_restriction_id`, `page_content_type`, `page_language`, `page_display_name`, `page_template_id`, `page_is_hidden`, `page_meta`, `page_revision`, `page_etag`) VALUES(0, 'Acme_Jetpack_User_Guide/003_-_Propulsion/Loss_of_power', '<h2>Overview</h2>\n<p class="comment">Use the section below to provide a short description of the problem. This section is used by other pages to provide an abstract of this page.</p>\n<p>Identifies an issue and how to resolve it.</p>\n<h2>Symptoms</h2>\n<p class="comment">Use the section below to describe the symptoms of the problem. Identify and describe the problem and offer probable causes for the problem. </p>\n<p>This is what the problem looks like. </p>\n<h2>Resolution</h2>\n<p class="comment">Use the section below to describe the steps to resolve the problem.</p>\n<p>These are the steps to resolve the problem. Describe fixes for known errors and give error recovery steps. Offer actions to correct the problem. </p>\n<ol> <li>First step...</li> <li>Second step...</li> <li>Third step...</li>\n</ol>\n<h2>Related</h2>\n<p class="comment">This section automatically lists related pages, such as child pages or pages related by tags.  Remove this section if you do not want to show related pages.</p>\n<pre class="script">template(&quot;MindTouch/IDF/SeeAlso&quot;)</pre>\n<p> </p>\n', '', 1, DATE_FORMAT(NOW(), "%Y%m%d%H%i%s"), 0, 0, 0, 1, DATE_FORMAT(NOW(), "%Y%m%d%H%i%s"), 1, '', '<h2>Overview</h2>\n<p class="comment">Use the section below to provide a short description of the problem. This section is used by other pages to provide an abstract of this page.</p>\n<p>Identifies an issue and how to resolve it.</p>\n<h2>Symptoms</h2>\n<p class="comment">Use the section below to describe the symptoms of the problem. Identify and describe the problem and offer probable causes for the problem. </p>\n<p>This is what the problem looks like. </p>\n<h2>Resolution</h2>\n<p class="comment...', 28, 0, 'application/x.deki0805+xml', '', 'Loss of power', NULL, 0, NULL, 1, 'f299f92f8c21b01de21d94baddf09be9');
INSERT INTO `pages` (`page_namespace`, `page_title`, `page_text`, `page_comment`, `page_user_id`, `page_timestamp`, `page_counter`, `page_is_redirect`, `page_minor_edit`, `page_is_new`, `page_touched`, `page_usecache`, `page_toc`, `page_tip`, `page_parent`, `page_restriction_id`, `page_content_type`, `page_language`, `page_display_name`, `page_template_id`, `page_is_hidden`, `page_meta`, `page_revision`, `page_etag`) VALUES(0, 'Acme_Jetpack_User_Guide/003_-_Propulsion/Using_your_jetpack_to_fly', '<h2>Overview</h2>\n<p class="comment">Now that you can''t wait to try out you''re new Jetpack here are a few principles and techniques to keep in mind.</p>\n<p class="comment" style="text-align: center; "><strong>Principles</strong></p>\n<p class="comment">Principle 1:  Never take off before telling someone where you are going.</p>\n<p class="comment">Principle 2:  Develop a superhero name to go with your superhero Acme Jetpack.  For instance, you could be &quot;Jenny Jetsetter&quot; or &quot;Joe the Flying Hulk, son of the Incredible Hulk.&quot;</p>\n<p style="text-align: center; "><strong>Techniques to Ensure Successful Flight</strong></p>\n<p>Tip 1:  Always fly on an empty stomach.</p>\n<p>Tip 2:  Know where you''re going before you lift off and know where you plan to land.</p>\n<p>Tip 3:  Make sure a large crowd is observes your triumph.</p><h2>Methodology</h2>\n<p class="comment">Use the section below to introduce the methodology in relation to the product and describe the benefits of following it.</p>\n<p>This methodology enables ....</p>\n<h3>Principles</h3>\n<p>The basic principles of this methodology are ...</p>\n<h3>Techniques</h3>\n<p>To use this methodology effectively, do ...</p>\n<h3>Best practices</h3>\n<p style="margin-top: 0.5em; margin-right: 0px; margin-bottom: 0.5em; margin-left: 0px; ">Most users of this methodology recommend that you ...</p>\n<h3>Resources</h3>\n<p>If you want to read more about this general approach, read these additional resources on the subject.</p>\n<h2>Related</h2>\n<p class="comment">This section automatically lists related pages, such as child pages or pages related by tags. Remove this section if you do not want to show related pages.</p>\n<pre class="script">template(&quot;MindTouch/IDF/SeeAlso&quot;)</pre>\n<p> </p>\n', '', 1, DATE_FORMAT(NOW(), "%Y%m%d%H%i%s"), 0, 0, 0, 0, DATE_FORMAT(NOW(), "%Y%m%d%H%i%s"), 1, '', '<h2>Overview</h2>\n<p class="comment">Now that you can''t wait to try out you''re new Jetpack here are a few principles and techniques to keep in mind.</p>\n<p class="comment" style="text-align: center; "><strong>Principles</strong></p>\n<p class="comment">Principle 1:  Never take off before telling someone where you are going.</p>\n<p class="comment">Principle 2:  Develop a superhero name to go with your superhero Acme Jetpack.  For instance, you could be &quot;Jenny Jetsetter&quot; or &quot;Joe t...', 28, 0, 'application/x.deki0805+xml', '', 'Using your jetpack to fly', NULL, 0, NULL, 1, 'c7f196dea4db50b646d865428eded026');
INSERT INTO `pages` (`page_namespace`, `page_title`, `page_text`, `page_comment`, `page_user_id`, `page_timestamp`, `page_counter`, `page_is_redirect`, `page_minor_edit`, `page_is_new`, `page_touched`, `page_usecache`, `page_toc`, `page_tip`, `page_parent`, `page_restriction_id`, `page_content_type`, `page_language`, `page_display_name`, `page_template_id`, `page_is_hidden`, `page_meta`, `page_revision`, `page_etag`) VALUES(0, 'Acme_Jetpack_User_Guide/004_-_Navigation', '<h2>Overview</h2>\n<p class="comment">Use the section below to provide a short description of the feature, telling the reader what it is used for. The section is also used by other pages to provide an abstract of this page.</p>\n<p>Description of the navigation feature of the Acme Jetpack</p>\n<h2>Feature</h2>\n<p class="comment">Use the section below to describe in detail the product feature. Additional paragraphs can describe what you do with the feature, what it cannot do (within reason), in what situations you would use it, and why it is important. A diagram can show relationships and connections better than text, so you may want to include pictorial conceptual info as well. Examples may illustrate a concept also. Notes or tips about a feature can be useful, such as a tip for a user who is accustomed to another, similar product, or an older version of a feature.</p>\n<p>It will get you there!</p>\n<h3>What are the benefits of this feature?</h3>\n<p>When you use this feature, you gain ...</p>\n<h3>When to use this feature?</h3>\n<p>Use this feature to ...</p>\n<h2>Related</h2>\n<pre class="script">template(&quot;MindTouch/IDF/SeeAlso&quot;)</pre>', '', 1, DATE_FORMAT(NOW(), "%Y%m%d%H%i%s"), 0, 0, 1, 0, DATE_FORMAT(NOW(), "%Y%m%d%H%i%s"), 1, '', '<h2>Overview</h2>\n<p class="comment">Use the section below to provide a short description of the feature, telling the reader what it is used for. The section is also used by other pages to provide an abstract of this page.</p>\n<p>Description of the navigation feature of the Acme Jetpack</p>\n<h2>Feature</h2>\n<p class="comment">Use the section below to describe in detail the product feature. Additional paragraphs can describe what you do with the feature, what it cannot do (within reason), in w...', 23, 0, 'application/x.deki0805+xml', '', 'Navigation', NULL, 0, NULL, 1, '888e9b7b64e4666b9acfd44854582079');
INSERT INTO `pages` (`page_namespace`, `page_title`, `page_text`, `page_comment`, `page_user_id`, `page_timestamp`, `page_counter`, `page_is_redirect`, `page_minor_edit`, `page_is_new`, `page_touched`, `page_usecache`, `page_toc`, `page_tip`, `page_parent`, `page_restriction_id`, `page_content_type`, `page_language`, `page_display_name`, `page_template_id`, `page_is_hidden`, `page_meta`, `page_revision`, `page_etag`) VALUES(0, 'Acme_Jetpack_User_Guide/004_-_Navigation/Acme_Nav_API', '<h2>Overview</h2>\n<p class="comment">Use the section below to provide a short description of the feature reference page. The section is also used by other pages to provide an abstract of this page.</p>\n<p>Describes in detail the available settings and controls for a feature in the product.</p>\n<h2>Details</h2>\n<p class="comment">The introductory context is an optional lead sentence tells the reader enough about the page to help them know whether to read on. For example, tell what feature or function this reference is for. The sections you include in your reference page will vary widely. The shown sections are merely suggestions.</p>\n<p>Offer the details a user needs to know about the definition, parameters, and so on. Tables are extremely useful for looking up information and organizing the details that readers want to know.</p>\n<h3>Definition</h3>\n<p class="comment">The section below describes how to use the feature from a programming language. Remove the section if not appropriate. Depending on the programming language used, you may be able to use syntax highlighting.</p>\n<pre>void print(String message)</pre>\n<h3>Parameters</h3>\n<p class="comment">The section below describes how the feature is parameterized. Remove the section if not appropriate.</p>\n<dl> <dt>message</dt> <dd>Type: String<br /> Message to print.</dd>\n</dl>\n<h3>Response</h3>\n<p class="comment">The section below describes the response value of an invocation. Remove the section if not appropriate.</p>\n<p>Upon successful invocation, this feature returns ...</p>\n<h3>Exceptions</h3>\n<p class="comment">The section below lists the exceptions that this feature can throw. Remove the section if not appropriate.</p>\n<table border="1" cellpadding="1" cellspacing="1" class="table" style="table-layout: fixed; width: 100%;"> <thead> <tr> <th scope="col">Exception</th> <th scope="col">Condition</th> </tr> </thead> <tbody> <tr> <td>ArgumentNullException</td> <td>message is null.</td> </tr> <tr> <td> </td> <td> </td> </tr> </tbody>\n</table>\n<h3>Remarks</h3>\n<p class="comment">The section below is for remarks about security, special scenarios or edge cases, and so on. Remove the section if not appropriate.</p>\n<p>Additional points to consider are ...</p>\n<h2>Examples</h2>\n<p class="comment">The example sections show common usages of the feature as they would occur for the reader. Depending on the programming language used, you may be able to use syntax highlighting. Remove the section if not appropriate.</p>\n<h3>Example 1:</h3>\n<p>First example shows ...</p>\n<h3>Example 2:</h3>\n<p>Second example shows ...</p>\n<h2>Considerations</h2>\n<p class="comment">The section below describes system or version requirements for using this reference information or context. You can also tell the user when not to use this parameter or programming interface.</p>\n<p>Give some considerations such as system requirements or &quot;gotchas&quot; for this setting or control or programming syntax.</p>\n<h2>Related</h2>\n<pre class="script">template(&quot;MindTouch/IDF/SeeAlso&quot;)</pre>\n<p> </p>\n', '', 1, DATE_FORMAT(NOW(), "%Y%m%d%H%i%s"), 0, 0, 0, 1, DATE_FORMAT(NOW(), "%Y%m%d%H%i%s"), 1, '', '<h2>Overview</h2>\n<p class="comment">Use the section below to provide a short description of the feature reference page. The section is also used by other pages to provide an abstract of this page.</p>\n<p>Describes in detail the available settings and controls for a feature in the product.</p>\n<h2>Details</h2>\n<p class="comment">The introductory context is an optional lead sentence tells the reader enough about the page to help them know whether to read on. For example, tell what feature or f...', 32, 0, 'application/x.deki0805+xml', '', 'Acme Nav API', NULL, 0, NULL, 1, '52423ff1fe4d027d6714bc04487dac79');
INSERT INTO `pages` (`page_namespace`, `page_title`, `page_text`, `page_comment`, `page_user_id`, `page_timestamp`, `page_counter`, `page_is_redirect`, `page_minor_edit`, `page_is_new`, `page_touched`, `page_usecache`, `page_toc`, `page_tip`, `page_parent`, `page_restriction_id`, `page_content_type`, `page_language`, `page_display_name`, `page_template_id`, `page_is_hidden`, `page_meta`, `page_revision`, `page_etag`) VALUES(0, 'Acme_Jetpack_User_Guide/004_-_Navigation/How_to_use_the_Acme_Nav', '<h2>Overview</h2>\n<p class="comment">Use the section below to provide a short description of the tutorial. The section is also used by other pages to provide an abstract of this page. The lead sentence should tell the reader enough about the tutorial to help them decide whether to read on or not.</p>\n<p>Explains how to complete a self-paced learning exercise using a feature in the product.</p>\n<h2>Goal</h2>\n<p class="comment">Use the section below to describe the goal of the tutorial. You might want to offer prerequisites that must be met before the user begins the task, such as previous tutorials, configuration or product setting requirements.</p>\n<p>After completing this tutorial you will have ...</p>\n<p>Steps</p>\n<p class="comment">Use each step section to describe the instructions needed to achieve the goal.</p>\n<h3>First Step</h3>\n<p>Begin by ...</p>\n<h3>Second Step</h3>\n<p>Then continue with ...</p>\n<h2>What''s Next</h2>\n<p class="comment">Use the section below to describe additional considerations that were omitted for brevity and to guide the reader to further tutorials.</p>\n<p>This is what was achieved and what was omitted in this tutorial.</p>\n<h2>Related</h2>\n<p class="comment">This section automatically lists related pages, such as child pages or pages related by tags.  Remove this section if you do not want to show related pages.</p>\n<pre class="script">template(&quot;MindTouch/IDF/SeeAlso&quot;)</pre>\n<p> </p>\n', '', 1, DATE_FORMAT(NOW(), "%Y%m%d%H%i%s"), 0, 0, 0, 1, DATE_FORMAT(NOW(), "%Y%m%d%H%i%s"), 1, '', '<h2>Overview</h2>\n<p class="comment">Use the section below to provide a short description of the tutorial. The section is also used by other pages to provide an abstract of this page. The lead sentence should tell the reader enough about the tutorial to help them decide whether to read on or not.</p>\n<p>Explains how to complete a self-paced learning exercise using a feature in the product.</p>\n<h2>Goal</h2>\n<p class="comment">Use the section below to describe the goal of the tutorial. You mig...', 32, 0, 'application/x.deki0805+xml', '', 'How to use the Acme Nav', NULL, 0, NULL, 1, '76a6c997c0964e288665b790dc1d8e3d');
INSERT INTO `pages` (`page_namespace`, `page_title`, `page_text`, `page_comment`, `page_user_id`, `page_timestamp`, `page_counter`, `page_is_redirect`, `page_minor_edit`, `page_is_new`, `page_touched`, `page_usecache`, `page_toc`, `page_tip`, `page_parent`, `page_restriction_id`, `page_content_type`, `page_language`, `page_display_name`, `page_template_id`, `page_is_hidden`, `page_meta`, `page_revision`, `page_etag`) VALUES(0, 'Acme_Jetpack_User_Guide/004_-_Navigation/Preferences', '<h2>Overview</h2>\n<p class="comment">Use the section below to provide a short description of the feature, telling the reader what it is used for. The section is also used by other pages to provide an abstract of this page.</p>\n<p>Explains what the feature is or what its benefits are to the user or customer.</p>\n<h2>Feature</h2>\n<p class="comment">Use the section below to describe in detail the product feature. Additional paragraphs can describe what you do with the feature, what it cannot do (within reason), in what situations you would use it, and why it is important. A diagram can show relationships and connections better than text, so you may want to include pictorial conceptual info as well. Examples may illustrate a concept also. Notes or tips about a feature can be useful, such as a tip for a user who is accustomed to another, similar product, or an older version of a feature.</p>\n<p>This feature does ...</p>\n<h3>What are the benefits of this feature?</h3>\n<p>When you use this feature, you gain ...</p>\n<h3>When to use this feature?</h3>\n<p>Use this feature to ...</p>\n<h2>Related</h2>\n<pre class="script">template(&quot;MindTouch/IDF/SeeAlso&quot;)</pre>\n', '', 1, DATE_FORMAT(NOW(), "%Y%m%d%H%i%s"), 0, 0, 0, 1, DATE_FORMAT(NOW(), "%Y%m%d%H%i%s"), 1, '', '<h2>Overview</h2>\n<p class="comment">Use the section below to provide a short description of the feature, telling the reader what it is used for. The section is also used by other pages to provide an abstract of this page.</p>\n<p>Explains what the feature is or what its benefits are to the user or customer.</p>\n<h2>Feature</h2>\n<p class="comment">Use the section below to describe in detail the product feature. Additional paragraphs can describe what you do with the feature, what it cannot do ...', 32, 0, 'application/x.deki0805+xml', '', 'Preferences', NULL, 0, NULL, 1, 'fba587355dfbfafaac8137b84a4ae5a0');
INSERT INTO `pages` (`page_namespace`, `page_title`, `page_text`, `page_comment`, `page_user_id`, `page_timestamp`, `page_counter`, `page_is_redirect`, `page_minor_edit`, `page_is_new`, `page_touched`, `page_usecache`, `page_toc`, `page_tip`, `page_parent`, `page_restriction_id`, `page_content_type`, `page_language`, `page_display_name`, `page_template_id`, `page_is_hidden`, `page_meta`, `page_revision`, `page_etag`) VALUES(0, 'Acme_Jetpack_User_Guide/005_-_Safety_Features', '<h2>Overview</h2>\n<p class="comment">Use the section below to provide a short description of the feature, telling the reader what it is used for. The section is also used by other pages to provide an abstract of this page.</p>\n<p>Explains what the feature is or what its benefits are to the user or customer.</p>\n<h2>Feature</h2>\n<p class="comment">Use the section below to describe in detail the product feature. Additional paragraphs can describe what you do with the feature, what it cannot do (within reason), in what situations you would use it, and why it is important. A diagram can show relationships and connections better than text, so you may want to include pictorial conceptual info as well. Examples may illustrate a concept also. Notes or tips about a feature can be useful, such as a tip for a user who is accustomed to another, similar product, or an older version of a feature.</p>\n<p>This feature does ...</p>\n<h3>What are the benefits of this feature?</h3>\n<p>When you use this feature, you gain ...</p>\n<h3>When to use this feature?</h3>\n<p>Use this feature to ...</p>\n<h2>Related</h2>\n<pre class="script">template(&quot;MindTouch/IDF/SeeAlso&quot;)</pre>\n', '', 1, DATE_FORMAT(NOW(), "%Y%m%d%H%i%s"), 0, 0, 0, 1, DATE_FORMAT(NOW(), "%Y%m%d%H%i%s"), 1, '', '<h2>Overview</h2>\n<p class="comment">Use the section below to provide a short description of the feature, telling the reader what it is used for. The section is also used by other pages to provide an abstract of this page.</p>\n<p>Explains what the feature is or what its benefits are to the user or customer.</p>\n<h2>Feature</h2>\n<p class="comment">Use the section below to describe in detail the product feature. Additional paragraphs can describe what you do with the feature, what it cannot do ...', 23, 0, 'application/x.deki0805+xml', '', 'Safety Features', NULL, 0, NULL, 1, 'fba587355dfbfafaac8137b84a4ae5a0');
INSERT INTO `pages` (`page_namespace`, `page_title`, `page_text`, `page_comment`, `page_user_id`, `page_timestamp`, `page_counter`, `page_is_redirect`, `page_minor_edit`, `page_is_new`, `page_touched`, `page_usecache`, `page_toc`, `page_tip`, `page_parent`, `page_restriction_id`, `page_content_type`, `page_language`, `page_display_name`, `page_template_id`, `page_is_hidden`, `page_meta`, `page_revision`, `page_etag`) VALUES(0, 'Acme_Jetpack_User_Guide/003_-_Propulsion/Rocket_Boosters', '<h2>Overview</h2>\n<p class="comment">Use the section below to provide a short description of the feature, telling the reader what it is used for. The section is also used by other pages to provide an abstract of this page.</p>\n<p>Rocket boosters on your Jetpack are designed for thrust without the ups and downs of other systems. Coupled with the millisecond accuracy of timing and telemetry of the navigation system, the rocket boosters create a smooth, touch-sensitive acceleration that feels at once sage and exhilarating. Learn more about its features and unlock your own thrust-potential.</p>\n<h2>4 Combined 620 Horsepower, SF hydro-boosters</h2>\n<p class="comment">Use the section below to describe in detail the product feature. Additional paragraphs can describe what you do with the feature, what it cannot do (within reason), in what situations you would use it, and why it is important. A diagram can show relationships and connections better than text, so you may want to include pictorial conceptual info as well. Examples may illustrate a concept also. Notes or tips about a feature can be useful, such as a tip for a user who is accustomed to another, similar product, or an older version of a feature.</p>\n<p>4 Combined 620 Horsepower, SF hydro-boosters</p>\n<h3>What are the benefits of this feature?</h3>\n<p>Mid-mounted and custom-fitted to your center of gravity, the boosters work in four-part harmony to adjust your pitch and yaw along with the forward acceleration. Coupled with DONNIE accelerometer you can reach speeds of up to 230MPH going 0-60 in 2.1 seconds and a maximum altitude of 6,200 feet. </p>\n<h3>When to use this feature?</h3>\n<p>Boosters are designed for optimum acceleration and deceleration. Use them wisely. </p>\n<h2>Related</h2>\n<pre class="script">template(&quot;MindTouch/IDF/SeeAlso&quot;)</pre>\n', '', 1, DATE_FORMAT(NOW(), "%Y%m%d%H%i%s"), 0, 0, 0, 1, DATE_FORMAT(NOW(), "%Y%m%d%H%i%s"), 1, '', '<h2>Overview</h2>\n<p class="comment">Use the section below to provide a short description of the feature, telling the reader what it is used for. The section is also used by other pages to provide an abstract of this page.</p>\n<p>Rocket boosters on your Jetpack are designed for thrust without the ups and downs of other systems. Coupled with the millisecond accuracy of timing and telemetry of the navigation system, the rocket boosters create a smooth, touch-sensitive acceleration that feels at...', 28, 0, 'application/x.deki0805+xml', '', 'Rocket Boosters', NULL, 0, NULL, 1, 'a8ec7b99afbb718ca3da3b3b0733e498');
INSERT INTO `pages` (`page_namespace`, `page_title`, `page_text`, `page_comment`, `page_user_id`, `page_timestamp`, `page_counter`, `page_is_redirect`, `page_minor_edit`, `page_is_new`, `page_touched`, `page_usecache`, `page_toc`, `page_tip`, `page_parent`, `page_restriction_id`, `page_content_type`, `page_language`, `page_display_name`, `page_template_id`, `page_is_hidden`, `page_meta`, `page_revision`, `page_etag`) VALUES(0, 'Acme_Jetpack_User_Guide/004_-_Navigation/Navigation_Tutorial', '<h2>Overview</h2>\n<p class="comment">Use the section below to provide a short description of the tutorial. The section is also used by other pages to provide an abstract of this page. The lead sentence should tell the reader enough about the tutorial to help them decide whether to read on or not.</p>\n<p>Explains how to complete a self-paced learning exercise using a feature in the product.</p>\n<h2>Goal</h2>\n<p class="comment">Use the section below to describe the goal of the tutorial. You might want to offer prerequisites that must be met before the user begins the task, such as previous tutorials, configuration or product setting requirements.</p>\n<p>After completing this tutorial you will have ...</p>\n<p>Steps</p>\n<p class="comment">Use each step section to describe the instructions needed to achieve the goal.</p>\n<h3>First Step</h3>\n<p>Begin by ...</p>\n<h3>Second Step</h3>\n<p>Then continue with ...</p>\n<h2>What''s Next</h2>\n<p class="comment">Use the section below to describe additional considerations that were omitted for brevity and to guide the reader to further tutorials.</p>\n<p>This is what was achieved and what was omitted in this tutorial.</p>\n<h2>Related</h2>\n<p class="comment">This section automatically lists related pages, such as child pages or pages related by tags.  Remove this section if you do not want to show related pages.</p>\n<pre class="script">template(&quot;MindTouch/IDF/SeeAlso&quot;)</pre>\n<br /> ', '', 1, DATE_FORMAT(NOW(), "%Y%m%d%H%i%s"), 0, 0, 0, 1, DATE_FORMAT(NOW(), "%Y%m%d%H%i%s"), 1, '', '<h2>Overview</h2>\n<p class="comment">Use the section below to provide a short description of the tutorial. The section is also used by other pages to provide an abstract of this page. The lead sentence should tell the reader enough about the tutorial to help them decide whether to read on or not.</p>\n<p>Explains how to complete a self-paced learning exercise using a feature in the product.</p>\n<h2>Goal</h2>\n<p class="comment">Use the section below to describe the goal of the tutorial. You mig...', 32, 0, 'application/x.deki0805+xml', '', 'Navigation Tutorial', NULL, 0, NULL, 1, 'a03cc248340347d6facc9632568f9ea7');

INSERT INTO `tags` (`tag_id`, `tag_name`, `tag_type`) VALUES(1, 'stage:draft', 0);
INSERT INTO `tags` (`tag_id`, `tag_name`, `tag_type`) VALUES(2, 'article:concept-feature', 0);
INSERT INTO `tags` (`tag_id`, `tag_name`, `tag_type`) VALUES(34, 'article:topic-technology', 0);
INSERT INTO `tags` (`tag_id`, `tag_name`, `tag_type`) VALUES(4, 'article:reference-feature', 0);
INSERT INTO `tags` (`tag_id`, `tag_name`, `tag_type`) VALUES(5, 'article:concept-technology', 0);
INSERT INTO `tags` (`tag_id`, `tag_name`, `tag_type`) VALUES(6, 'article:task-troubleshooting', 0);
INSERT INTO `tags` (`tag_id`, `tag_name`, `tag_type`) VALUES(7, 'article:task-tutorial-advanced', 0);
INSERT INTO `tags` (`tag_id`, `tag_name`, `tag_type`) VALUES(8, 'article:task-tutorial-beginner', 0);
INSERT INTO `tags` (`tag_id`, `tag_name`, `tag_type`) VALUES(9, 'article:task-tutorial-intermediate', 0);
INSERT INTO `tags` (`tag_id`, `tag_name`, `tag_type`) VALUES(10, 'article:concept-guide', 0);
INSERT INTO `tags` (`tag_id`, `tag_name`, `tag_type`) VALUES(11, 'keyword:dialog', 0);
INSERT INTO `tags` (`tag_id`, `tag_name`, `tag_type`) VALUES(12, 'see:hyperlinking', 0);
INSERT INTO `tags` (`tag_id`, `tag_name`, `tag_type`) VALUES(13, 'article:topic-guide', 0);
INSERT INTO `tags` (`tag_id`, `tag_name`, `tag_type`) VALUES(14, 'article:topic-feature', 0);
INSERT INTO `tags` (`tag_id`, `tag_name`, `tag_type`) VALUES(15, 'collaboration', 0);
INSERT INTO `tags` (`tag_id`, `tag_name`, `tag_type`) VALUES(16, 'community', 0);
INSERT INTO `tags` (`tag_id`, `tag_name`, `tag_type`) VALUES(17, 'article:topic-methodology', 0);
INSERT INTO `tags` (`tag_id`, `tag_name`, `tag_type`) VALUES(18, 'article:reference-sample', 0);
INSERT INTO `tags` (`tag_id`, `tag_name`, `tag_type`) VALUES(19, 'styleguide', 0);
INSERT INTO `tags` (`tag_id`, `tag_name`, `tag_type`) VALUES(20, 'see:tags', 0);
INSERT INTO `tags` (`tag_id`, `tag_name`, `tag_type`) VALUES(21, 'see:content-reports', 0);
INSERT INTO `tags` (`tag_id`, `tag_name`, `tag_type`) VALUES(22, 'aging', 0);
INSERT INTO `tags` (`tag_id`, `tag_name`, `tag_type`) VALUES(23, 'analysis', 0);
INSERT INTO `tags` (`tag_id`, `tag_name`, `tag_type`) VALUES(24, 'content', 0);
INSERT INTO `tags` (`tag_id`, `tag_name`, `tag_type`) VALUES(25, 'quality', 0);
INSERT INTO `tags` (`tag_id`, `tag_name`, `tag_type`) VALUES(26, 'rating', 0);
INSERT INTO `tags` (`tag_id`, `tag_name`, `tag_type`) VALUES(27, 'search', 0);
INSERT INTO `tags` (`tag_id`, `tag_name`, `tag_type`) VALUES(28, 'see:faqs', 0);
INSERT INTO `tags` (`tag_id`, `tag_name`, `tag_type`) VALUES(29, 'see:tags', 3);
INSERT INTO `tags` (`tag_id`, `tag_name`, `tag_type`) VALUES(30, 'stage', 0);
INSERT INTO `tags` (`tag_id`, `tag_name`, `tag_type`) VALUES(31, 'workflow', 0);
INSERT INTO `tags` (`tag_id`, `tag_name`, `tag_type`) VALUES(32, 'see:templates', 0);
INSERT INTO `tags` (`tag_id`, `tag_name`, `tag_type`) VALUES(33, 'templates', 0);

INSERT INTO `tag_map` (`tagmap_id`, `tagmap_page_id`, `tagmap_tag_id`) VALUES(198, 24, 14);
INSERT INTO `tag_map` (`tagmap_id`, `tagmap_page_id`, `tagmap_tag_id`) VALUES(199, 24, 1);
INSERT INTO `tag_map` (`tagmap_id`, `tagmap_page_id`, `tagmap_tag_id`) VALUES(200, 25, 14);
INSERT INTO `tag_map` (`tagmap_id`, `tagmap_page_id`, `tagmap_tag_id`) VALUES(201, 25, 1);
INSERT INTO `tag_map` (`tagmap_id`, `tagmap_page_id`, `tagmap_tag_id`) VALUES(202, 26, 34);
INSERT INTO `tag_map` (`tagmap_id`, `tagmap_page_id`, `tagmap_tag_id`) VALUES(203, 26, 1);
INSERT INTO `tag_map` (`tagmap_id`, `tagmap_page_id`, `tagmap_tag_id`) VALUES(206, 27, 9);
INSERT INTO `tag_map` (`tagmap_id`, `tagmap_page_id`, `tagmap_tag_id`) VALUES(207, 27, 1);
INSERT INTO `tag_map` (`tagmap_id`, `tagmap_page_id`, `tagmap_tag_id`) VALUES(208, 28, 14);
INSERT INTO `tag_map` (`tagmap_id`, `tagmap_page_id`, `tagmap_tag_id`) VALUES(209, 28, 1);
INSERT INTO `tag_map` (`tagmap_id`, `tagmap_page_id`, `tagmap_tag_id`) VALUES(210, 29, 7);
INSERT INTO `tag_map` (`tagmap_id`, `tagmap_page_id`, `tagmap_tag_id`) VALUES(213, 29, 1);
INSERT INTO `tag_map` (`tagmap_id`, `tagmap_page_id`, `tagmap_tag_id`) VALUES(214, 30, 6);
INSERT INTO `tag_map` (`tagmap_id`, `tagmap_page_id`, `tagmap_tag_id`) VALUES(215, 30, 1);
INSERT INTO `tag_map` (`tagmap_id`, `tagmap_page_id`, `tagmap_tag_id`) VALUES(216, 31, 17);
INSERT INTO `tag_map` (`tagmap_id`, `tagmap_page_id`, `tagmap_tag_id`) VALUES(217, 31, 1);
INSERT INTO `tag_map` (`tagmap_id`, `tagmap_page_id`, `tagmap_tag_id`) VALUES(218, 32, 14);
INSERT INTO `tag_map` (`tagmap_id`, `tagmap_page_id`, `tagmap_tag_id`) VALUES(219, 32, 1);
INSERT INTO `tag_map` (`tagmap_id`, `tagmap_page_id`, `tagmap_tag_id`) VALUES(220, 33, 4);
INSERT INTO `tag_map` (`tagmap_id`, `tagmap_page_id`, `tagmap_tag_id`) VALUES(221, 33, 1);
INSERT INTO `tag_map` (`tagmap_id`, `tagmap_page_id`, `tagmap_tag_id`) VALUES(222, 34, 7);
INSERT INTO `tag_map` (`tagmap_id`, `tagmap_page_id`, `tagmap_tag_id`) VALUES(225, 34, 1);
INSERT INTO `tag_map` (`tagmap_id`, `tagmap_page_id`, `tagmap_tag_id`) VALUES(226, 35, 14);
INSERT INTO `tag_map` (`tagmap_id`, `tagmap_page_id`, `tagmap_tag_id`) VALUES(227, 35, 1);
INSERT INTO `tag_map` (`tagmap_id`, `tagmap_page_id`, `tagmap_tag_id`) VALUES(228, 36, 14);
INSERT INTO `tag_map` (`tagmap_id`, `tagmap_page_id`, `tagmap_tag_id`) VALUES(229, 36, 1);
INSERT INTO `tag_map` (`tagmap_id`, `tagmap_page_id`, `tagmap_tag_id`) VALUES(230, 229, 1);
INSERT INTO `tag_map` (`tagmap_id`, `tagmap_page_id`, `tagmap_tag_id`) VALUES(231, 235, 1);
INSERT INTO `tag_map` (`tagmap_id`, `tagmap_page_id`, `tagmap_tag_id`) VALUES(232, 236, 14);
INSERT INTO `tag_map` (`tagmap_id`, `tagmap_page_id`, `tagmap_tag_id`) VALUES(233, 236, 1);
INSERT INTO `tag_map` (`tagmap_id`, `tagmap_page_id`, `tagmap_tag_id`) VALUES(234, 237, 17);
INSERT INTO `tag_map` (`tagmap_id`, `tagmap_page_id`, `tagmap_tag_id`) VALUES(235, 237, 1);
INSERT INTO `tag_map` (`tagmap_id`, `tagmap_page_id`, `tagmap_tag_id`) VALUES(236, 238, 4);
INSERT INTO `tag_map` (`tagmap_id`, `tagmap_page_id`, `tagmap_tag_id`) VALUES(237, 238, 1);
INSERT INTO `tag_map` (`tagmap_id`, `tagmap_page_id`, `tagmap_tag_id`) VALUES(238, 239, 18);
INSERT INTO `tag_map` (`tagmap_id`, `tagmap_page_id`, `tagmap_tag_id`) VALUES(239, 240, 34);
INSERT INTO `tag_map` (`tagmap_id`, `tagmap_page_id`, `tagmap_tag_id`) VALUES(240, 240, 1);
INSERT INTO `tag_map` (`tagmap_id`, `tagmap_page_id`, `tagmap_tag_id`) VALUES(241, 241, 6);
INSERT INTO `tag_map` (`tagmap_id`, `tagmap_page_id`, `tagmap_tag_id`) VALUES(242, 241, 1);
INSERT INTO `tag_map` (`tagmap_id`, `tagmap_page_id`, `tagmap_tag_id`) VALUES(243, 242, 7);
INSERT INTO `tag_map` (`tagmap_id`, `tagmap_page_id`, `tagmap_tag_id`) VALUES(246, 242, 1);
INSERT INTO `tag_map` (`tagmap_id`, `tagmap_page_id`, `tagmap_tag_id`) VALUES(247, 37, 14);
INSERT INTO `tag_map` (`tagmap_id`, `tagmap_page_id`, `tagmap_tag_id`) VALUES(248, 37, 1);
INSERT INTO `tag_map` (`tagmap_id`, `tagmap_page_id`, `tagmap_tag_id`) VALUES(249, 38, 8);
INSERT INTO `tag_map` (`tagmap_id`, `tagmap_page_id`, `tagmap_tag_id`) VALUES(250, 38, 1);
-- Default restrictions --
INSERT INTO `restrictions` (`restriction_name`, `restriction_perm_flags`, `restriction_creator_user_id`) VALUES
	('Public', '18446744073709551615', '1'),
	('Semi-Public', '15', '1'),
	('Private', '1', '1');

-- Default roles --
INSERT INTO `roles` (`role_name`, `role_perm_flags`, `role_creator_user_id`) values
	('None', '0', '1'),
	('Guest', '1', '1' ),
	('Viewer', '15', '1' ),
	('Contributor', '1343', '1' ),
	('Admin', '9223372036854779903', '1' );


-- Default services --
INSERT INTO `services` (`service_type`, `service_sid`, `service_description`, `service_enabled`) VALUES
	('auth', 'http://services.mindtouch.com/deki/draft/2006/11/dekiwiki', 'Local', 1),
	('ext', 'sid://mindtouch.com/2007/12/dekiscript', 'AccuWeather', 1),
	('ext', 'sid://mindtouch.com/2007/12/dekiscript', 'AddThis', 0),
	('ext', 'sid://mindtouch.com/2007/12/dapper', 'Dapper', 1),
	('ext', 'sid://mindtouch.com/2007/12/dekiscript', 'DHtml', 1),
	('ext', 'sid://mindtouch.com/2007/12/dekiscript', 'Digg', 1),
	('ext', 'sid://mindtouch.com/2007/06/feed', 'Atom/RSS Feeds', 1),
	('ext', 'sid://mindtouch.com/2007/12/dekiscript', 'Flickr', 1),
	('ext', 'sid://mindtouch.com/2007/12/dekiscript', 'FlowPlayer', 1),
	('ext', 'sid://mindtouch.com/2007/06/google', 'Google', 0),
	('ext', 'sid://mindtouch.com/2007/06/graphviz', 'Graphviz', 1),
	('ext', 'sid://mindtouch.com/2007/12/dekiscript', 'Gravatar', 1),
	('ext', 'sid://mindtouch.com/2007/06/imagemagick', 'ImageMagick', 1),
	('ext', 'sid://mindtouch.com/2008/02/jira', 'Jira', 0),
	('ext', 'sid://mindtouch.com/2007/12/dekiscript', 'LinkedIn', 1),
	('ext', 'sid://mindtouch.com/2008/01/mantis', 'Mantis', 0),
	('ext', 'sid://mindtouch.com/2007/06/math', 'Math', 1),
	('ext', 'sid://mindtouch.com/2007/06/media', 'Multimedia', 1),
	('ext', 'sid://mindtouch.com/2007/06/mysql', 'MySql', 0),
	('ext', 'sid://mindtouch.com/2007/12/dekiscript', 'PageBus', 1),
	('ext', 'sid://mindtouch.com/2007/12/dekiscript', 'PayPal', 0),
	('ext', 'sid://mindtouch.com/2007/12/dekiscript', 'Scratch', 1),
	('ext', 'sid://mindtouch.com/2007/12/dekiscript', 'Scribd', 0),
	('ext', 'sid://mindtouch.com/2008/02/silverlight', 'Silverlight', 1),
	('ext', 'sid://mindtouch.com/2007/12/dekiscript', 'Skype', 1),
	('ext', 'sid://mindtouch.com/2007/12/dekiscript', 'Spoiler', 1),
	('ext', 'sid://mindtouch.com/2008/02/svn', 'Subversion', 0),
	('ext', 'sid://mindtouch.com/2008/05/svg', 'SVG', 1),
	('ext', 'sid://mindtouch.com/2007/12/dekiscript', 'Syntax Highlighter', 1),
	('ext', 'sid://mindtouch.com/2008/02/trac', 'Trac', 0),
	('ext', 'sid://mindtouch.com/2007/12/dekiscript', 'Twitter', 1),
	('ext', 'sid://mindtouch.com/2007/12/dekiscript', 'WidgetBox', 1),
	('ext', 'sid://mindtouch.com/2007/07/windows.live', 'Windows Live', 1),
	('ext', 'sid://mindtouch.com/2007/06/yahoo', 'Yahoo!', 1),
	('ext', 'sid://mindtouch.com/2007/12/dekiscript', 'YUI Media Player', 1),
	('ext', 'sid://mindtouch.com/2007/12/dekiscript', 'EditGrid', 1),
	('ext', 'sid://mindtouch.com/2007/12/dekiscript', 'Lightbox', 1),
	('ext', 'sid://mindtouch.com/2007/12/dekiscript', 'Quicktime', 1),
	('ext', 'sid://mindtouch.com/2007/12/dekiscript', 'Remember The Milk', 1),
	('ext', 'sid://mindtouch.com/2007/12/dekiscript', 'Zoho', 1),
	('ext', 'sid://mindtouch.com/ent/2008/05/salesforce', 'Salesforce', 0),
	('ext', 'sid://mindtouch.com/ent/2008/05/sugarcrm', 'SugarCRM', 0),
	('ext', 'sid://mindtouch.com/ext/2009/12/anychart', 'MindTouch Charts', 1),
	('ext', 'sid://mindtouch.com/ext/2009/12/anygantt', 'MindTouch Gantt Charts', 0),
	('ext', 'sid://mindtouch.com/std/2009/04/activitystream', 'Activity Stream', 1),
	('ext', 'sid://mindtouch.com/ext/2010/06/analytics.search', 'Curation Analytics (Search)', 1),
	('ext', 'sid://mindtouch.com/ext/2010/06/analytics.content', 'Curation Analytics (Content)', 1);

-- Default services config --
INSERT INTO `service_config` (`service_id`, `config_name`, `config_value`) VALUES
	('2', 'manifest', 'http://scripts.mindtouch.com/accuweather.xml'),
	('3', 'manifest', 'http://scripts.mindtouch.com/addthis.xml'),
	('5', 'manifest', 'http://scripts.mindtouch.com/dhtml.xml'),
	('6', 'manifest', 'http://scripts.mindtouch.com/digg.xml'),
	('8', 'manifest', 'http://scripts.mindtouch.com/flickr.xml'),
	('9', 'manifest', 'http://scripts.mindtouch.com/flowplayer.xml'),
	('11', 'dot-path', '/usr/bin/dot'),
	('11', 'neato-path', '/usr/bin/neato'),
	('11', 'twopi-path', '/usr/bin/twopi'),
	('11', 'circo-path', '/usr/bin/circo'),
	('12', 'manifest', 'http://scripts.mindtouch.com/gravatar.xml'),
	('13', 'imagemagick-path ', '/usr/bin/convert'),
	('15', 'manifest', 'http://scripts.mindtouch.com/linkedin.xml'),
	('17', 'latex-path', '/usr/bin/latex'),
	('17', 'dvips-path', '/usr/bin/dvips'),
	('17', 'imagemagick-path', '/usr/bin/convert'),
	('20', 'manifest', 'http://scripts.mindtouch.com/pagebus.xml'),
	('21', 'manifest', 'http://scripts.mindtouch.com/paypal.xml'),
	('22', 'manifest', 'http://scripts.mindtouch.com/scratch.xml'),
	('23', 'manifest', 'http://scripts.mindtouch.com/scribd.xml'),
	('25', 'manifest', 'http://scripts.mindtouch.com/skype.xml'),
	('26', 'manifest', 'http://scripts.mindtouch.com/spoiler.xml'),
	('29', 'manifest', 'http://scripts.mindtouch.com/syntax2.xml'),
	('31', 'manifest', 'http://scripts.mindtouch.com/twitter.xml'),
	('32', 'manifest', 'http://scripts.mindtouch.com/widgetbox.xml'),
	('35', 'manifest', 'http://scripts.mindtouch.com/yuimediaplayer.xml'),
	('36', 'manifest', 'http://scripts.mindtouch.com/editgrid.xml'),
	('37', 'manifest', 'http://scripts.mindtouch.com/lightbox.xml'),
	('38', 'manifest', 'http://scripts.mindtouch.com/quicktime.xml'),
	('39', 'manifest', 'http://scripts.mindtouch.com/rtm.xml'),
	('40', 'manifest', 'http://scripts.mindtouch.com/zoho.xml');

	
-- Default users --
INSERT INTO `users` (`user_name`,`user_real_name`,`user_password`,`user_newpassword`,`user_email`,`user_touched`,`user_token`,`user_role_id`,`user_active`,`user_service_id`, `user_builtin`, `user_create_timestamp`) VALUES
	('Sysop', '','','','',DATE_FORMAT(NOW(), "%Y%m%d%H%i%s"),'2158a249b6b8368a738bf81d97627be1','5','1','1','1', UTC_TIMESTAMP()),
	('Anonymous','Anonymous User','','','',DATE_FORMAT(NOW(), "%Y%m%d%H%i%s"),'','3','1','1','1', UTC_TIMESTAMP());
